{
  "mean": [
    1988.742128256513,
    56.69677755511022,
    31.82217611693976,
    90.65269739478958,
    65.7107323143018
  ],
  "std": [
    657.0519571827647,
    32.42780013836242,
    8.83673537253772,
    14.749415830464601,
    27.02196030460781
  ],
  "classes": [
    "AGGRESSIVE",
    "NORMAL",
    "SLOW"
  ]
}